,Clusters
"001023 - River Street , Clerkenwell",1
"001018 - Phillimore Gardens, Kensington",1
"001024 - Park Street, Bankside",1
"001022 - Brunswick Square, Bloomsbury",3
"000980 - Malet Street, Bloomsbury",3
"001010 - Cartwright Gardens , Bloomsbury",1
"001007 - Drury Lane, Covent Garden",3
"001009 - Taviton Street, Bloomsbury",3
"000993 - Drummond Street , Euston",1
"001019 - Ampton Street , Clerkenwell",2
"001025 - Bolsover Street, Fitzrovia",3
"001029 - Windsor Terrace, Hoxton",2
"003446 - De Vere Gardens, Kensington",3
"003445 - Shoreditch High Street, Shoreditch",3
"001084 - Pindar Street, Liverpool Street",3
"001036 - Crawford Street, Marylebone",3
"001054 - East Road, Hoxton",1
"001026 - Roscoe Street, St. Luke's",2
"003431 - Grafton Street, Mayfair",3
"001033 - Paddington Street, Marylebone",3
"001030 - Lisson Grove, St. John's Wood",2
"000982 - Holborn Circus, Holborn",3
"000975 - Theobald's Road , Holborn",3
"000978 - Russell Square Station, Bloomsbury",3
"001038 - Harrington Square 1, Camden Town",1
"002586 - Cloudesley Road, Angel",1
"001065 - Aldersgate Street, Barbican",3
"001047 - Falkirk Street, Hoxton",1
"001045 - Jewry Street, Aldgate",3
"000991 - Crosswall, Tower",3
"001042 - Woodstock Street, Mayfair",3
"001049 - Finsbury Leisure Centre, St. Luke's",2
"001055 - Wellington Road, St. John's Wood",2
"001050 - Park Road (Baker Street), The Regent's Park",3
"000995 - Little Argyll Street, West End",3
"001116 - Emperor's Gate, South Kensington",2
"001039 - Wapping High Street, Wapping",1
"001053 - Clerkenwell Green, Clerkenwell",3
"003464 - Green Street, Mayfair",3
"001056 - Finsbury Square , Moorgate",3
"001093 - Kennington Cross, Kennington",2
"001115 - Ilchester Place, Kensington",1
"001046 - Vauxhall Bridge , Pimlico",1
"001118 - Hampton Street, Walworth",2
"001121 - Lexham Gardens, Kensington",2
"001113 - Trebovir Road, Earl's Court",2
"003478 - Guildhouse Street, Victoria",1
"001123 - Southampton Place, Holborn",3
"003461 - Sloane Avenue, Knightsbridge",3
"002585 - Orsett Terrace, Bayswater",2
"003463 - Argyll Road, Kensington",3
"003477 - Porchester Place, Paddington",1
"003459 - Collingham Gardens, Earl's Court",3
"001124 - Sumner Place, South Kensington",3
"003460 - Warwick Square, Pimlico",2
"003473 - Belgrave Square, Belgravia",3
"001167 - South Wharf Road, Paddington",2
"000960 - Hop Exchange, The Borough",3
"001080 - Great Tower Street, Monument",3
"001102 - Leman Street, Aldgate",2
"001040 - West Smithfield Rotunda, Farringdon",3
"003468 - Margery Street, Clerkenwell",2
"003476 - Hinde Street, Marylebone",1
"001079 - Endsleigh Gardens, Euston",2
"001092 - Moorfields, Moorgate",3
"003479 - Old Brompton Road, South Kensington",2
"003486 - St. Luke's Church, Chelsea",3
"003481 - Rodney Road , Walworth",1
"001150 - Queensway, Kensington Gardens",1
"001154 - Kennington Road, Vauxhall",1
"003483 - Fashion Street, Whitechapel",3
"003467 - Dock Street, Wapping",1
"001090 - Warren Street Station, Euston",3
"003482 - Beaumont Street, Marylebone",3
"001140 - Grosvenor Road, Pimlico",1
"001159 - Berry Street, Clerkenwell",3
"001161 - Brushfield Street, Liverpool Street",3
"001051 - Shoreditch Park, Hoxton",2
"003471 - Chadwell Street, Angel",1
"003491 - Princes Square, Bayswater",2
"001146 - Tysoe Street, Clerkenwell",1
"003490 - Southwick Street, Paddington",1
"001155 - Regency Street, Westminster",2
"001209 - Empire Square, The Borough",2
"001190 - Kennington Lane Rail Bridge, Vauxhall",2
"001136 - London Zoo,  The Regent's Park",1
"001134 - Warwick Road, Olympia",2
"001156 - Bedford Way, Bloomsbury",1
"001138 - Elizabeth Bridge, Victoria",3
"003496 - St Mary's Hospital, Paddington",1
"001135 - Claverton Street, Pimlico",2
"001214 - Kensington Olympia Station, Olympia",1
"001216 - Swan Street, The Borough",2
"003498 - Geraldine Street, Elephant & Castle",2
"001152 - Marylebone Lane, Marylebone",3
"003492 - Putney Pier, Wandsworth",1
"001157 - Black Lion Gate, Kensington Gardens",1
"003494 - Foley Street, Fitzrovia",3
"001130 - Grove End Road, St. John's Wood",2
"003495 - Wells Street, Fitzrovia",3
"003485 - Tyers Gate, Bermondsey",1
"000968 - Warwick Row, Westminster",3
"003500 - Baldwin Street, St. Luke's",1
"002637 - Bermondsey Street, Bermondsey",2
"003502 - Palissy Street, Shoreditch",2
"001131 - Graham Street, Angel",2
"002641 - New North Road 2, Hoxton",1
"002636 - Prince Albert Road, The Regent's Park",2
"001211 - Bunhill Row, Moorgate",3
"001210 - Nevern Place, Earl's Court",2
"002633 - Palace Gardens Terrace, Notting Hill",1
"001127 - Risinghill Street, Angel",2
"001218 - Flood Street, Chelsea",3
"001226 - Macclesfield Rd, St Lukes",2
"001224 - Vauxhall Street, Vauxhall",2
"001229 - High Holborn , Covent Garden",3
"002680 - Harrowby Street, Marylebone",2
"002681 - Harriet Street, Knightsbridge",1
"002670 - Paddington Green, Paddington",1
"002639 - King Edward Walk, Waterloo",2
"002649 - Sardinia Street, Holborn",3
"002683 - Millbank Tower, Pimlico",3
"002678 - Farm Street, Mayfair",3
"001223 - Buxton Street 1, Shoreditch",1
"001227 - Devonshire Terrace, Bayswater",2
"010624 - Strata, Elephant & Castle",2
"022179 - Exhibition Road, Knightsbridge",3
"200056 - Vauxhall Walk, Vauxhall",3
"200053 - Killick Street, King's Cross",2
"200032 - Kennington Oval, Oval",1
"200039 - Sail Street, Vauxhall",1
"200035 - Walmer Road, Avondale",1
"200033 - Philpot Street, Whitechapel",2
"200047 - Bethnal Green Garden, Bethnal Green",1
"200042 - York Hall, Bethnal Green",1
"200054 - Jubilee Crescent, Cubitt Town",2
"200020 - Shadwell Station, Shadwell",2
"200021 - Hermitage Court, Wapping",1
"200046 - Napier Avenue, Millwall",2
"200016 - Castlehaven Road, Camden Town",2
"200014 - Gunmakers Lane, Old Ford",2
"200013 - Aston Street, Stepney",2
"200152 - Pitfield Street North,Hoxton",1
"200158 - Whiston Road, Haggerston",2
"200168 - Southern Grove, Bow",2
"200150 - Cantrell Road, Bow",1
"200174 - Mostyn Grove, Bow",1
"200155 - Gascoyne Road, Victoria Park",2
"200009 - Stebondale Street, Cubitt Town",2
"200018 - Spindrift Avenue, Millwall",2
"200012 - Stepney Green Station, Stepney",2
"200156 - Pott Street, Bethnal Green",2
"200022 - Saunders Ness Road, Cubitt Town",1
"200249 - Queen Mary's, Mile End",3
"200230 - Maplin Street, Mile End",3
"200233 - South Quay East, Canary Wharf",3
"200252 - Bow Church Station, Bow",1
"200255 - Devons Road, Bow",1
"200242 - Merchant Street, Bow",2
"200251 - Bow Road Station, Bow",1
"200011 - Furze Green, Bow",2
"200148 - Ansell House, Stepney",1
"200241 - Bonner Gate, Victoria Park",2
"200250 - Cleveland Way, Stepney",1
"200243 - St. John's Park, Cubitt Town",1
"200038 - Ackroyd Drive, Bow",2
"200036 - Bell Lane, Liverpool Street",3
"200157 - Fournier Street, Whitechapel",3
"200253 - Fore Street Avenue, Guildhall",3
"200238 - Westferry DLR, Limehouse",2
"200256 - Sutton Street, Shadwell",1
"200027 - Ford Road, Old Ford",1
"200041 - Antill Road, Mile End",1
"200254 - Teviot Street, Poplar",1
"200234 - Bancroft Road, Bethnal Green",2
"200161 - Clinton Road, Mile End",2
"200160 - Langdon Park, Poplar",2
"200017 - Lancaster Gate , Bayswater",2
"200153 - Blythe Road, Olympia",1
"200143 - Lancaster Drive, Blackwall",2
"200154 - Hansard Mews, Holland Park",1
"200010 - Manresa Road, Chelsea",3
"200146 - Newby Place, Poplar",1
"200167 - Twig Folly Bridge, Mile End",2
"200165 - Wellington Row, Bethnal Green",1
"200159 - Goldsmith's Row, Haggerston",1
"200145 - Gloucester Avenue, Camden Town",2
"200024 - Queensbridge Road, Haggerston",1
"200239 - Old Montague Street, Whitechapel",2
"200050 - Naval Row, Blackwall",3
"200147 - Salmon Lane, Limehouse",1
"200051 - Percival Street, Finsbury",2
"200149 - Watney Street, Shadwell",1
"200064 - Regent's Row , Haggerston",2
"200048 - Page Street, Westminster",3
"200037 - Rectory Square, Stepney",1
"200141 - Westfield Ariel Way, White City",3
"200248 - Pitfield Street Central, Hoxton",1
"200061 - Westfield Southern Terrace ,Shepherd's Bush",1
"200026 - Greenland Road, Camden Town",1
"200246 - Eagle Wharf Road, Hoxton",2
"200247 - Globe Town Market, Bethnal Green",1
"200244 - Hollybush Gardens, Bethnal Green",1
"200060 - Drayton Gardens, West Chelsea",2
"200236 - Greenberry Street, St.John's Wood",1
"200058 - Northdown Street, King's Cross",1
"200142 - Hammersmith Road, Hammersmith",3
"200237 - Parson's Green , Parson's Green",1
"200229 - Fulham Park Road, Fulham",2
"200235 - Manbre Road, Hammersmith",1
"200136 - BBC White City, White City",3
"200211 - Union Grove, Wandsworth Road",2
"200137 - Caldwell Street, Stockwell",1
"200198 - Seymour Place, Marylebone",2
"200218 - Addison Road, Holland Park",1
"200224 - Colet Gardens, Hammersmith",1
"200208 - Sugden Road, Clapham",2
"200222 - Danvers Street, West Chelsea",3
"200067 - Princedale Road , Holland Park",1
"200175 - Wandsworth Rd, Isley Court, Wandsworth Road",1
"200214 - Woodstock Grove, Shepherd's Bush",1
"200028 - Elysium Place, Fulham",1
"300003 - Eel Brook Common, Walham Green",1
"300012 - Irene Road, Parsons Green",2
"300010 - Surrey Lane, Battersea",2
"200091 - Wandsworth Town Station, Wandsworth",3
"200172 - Lansdowne Road, Ladbroke Grove",1
"200186 - Nantes Close, Wandsworth",2
"200173 - Courland Grove, Wandsworth Road",2
"200190 - Queen's Circus, Battersea Park",2
"300008 - Normand Park, West Kensington",2
"200187 - Morie Street, Wandsworth",2
"200194 - Clarence Walk, Stockwell",2
"200183 - Battersea Park Road, Nine Elms",3
"200176 - Sheepcote Lane, Battersea",2
"200116 - Vereker Road, West Kensington",1
"200215 - Greyhound Road, Hammersmith",2
"200180 - South Park, Sands End",2
"200191 - Spencer Park, Wandsworth Common",1
"200179 - Silverthorne Road, Battersea",2
"300025 - Archbishop's Park, Waterloo",3
"200192 - Fawcett Close, Battersea",2
"200182 - Rainville Road, Hammersmith",1
"200181 - Richmond Way, Shepherd's Bush",2
"200171 - Peterborough Road, Sands End",1
"300009 - World's End Place, West Chelsea",2
"300030 - Thorndike Close, West Chelsea",1
"300022 - Evesham Street, Avondale",3
"200196 - Simpson Street, Clapham Junction",2
"200221 - Crabtree Lane, Fulham",1
"200220 - Blythe Road West, Shepherd's Bush",2
"300005 - Ethelburga Estate, Battersea Park",2
"200124 - Clarendon Road, Avondale",2
"300013 - Austin Road, Battersea Park",2
"200113 - Smugglers Way, Wandsworth",1
"300037 - Ravenscourt Park Station, Hammersmith",1
"300036 - Teversham Lane, Stockwell",2
"200169 - Ashley Crescent, Battersea",2
"300052 - Parsons Green Station, Parsons Green",3
"300051 - Hibbert Street, Battersea",2
"300035 - Carnegie Street, King's Cross",1
"200126 - Usk Road, Clapham Junction",2
"200207 - Hartington Road, Stockwell",1
"200023 - Heath Road, Battersea",1
"200170 - Esmond Street, Putney",2
"200114 - Orbel Street, Battersea",2
"200210 - Westbridge Road, Battersea",1
"200043 - Bishop's Avenue, Fulham",1
"200188 - Neville Gill Close, Wandsworth",1
"200219 - Osiers Road, Wandsworth",2
"200204 - Northfields, Wandsworth",2
"200199 - Stanley Grove, Battersea",2
"200184 - Erin Close, Walham Green",3
"200112 - Cadogan Close, Victoria Park",2
"300019 - Felsham Road, Putney",2
"300033 - Putney Rail Station, Putney",3
"300031 - Islington Green, Angel",2
"300018 - Charing Cross Hospital, Hammersmith",2
"200121 - Shoreditch Court, Haggerston",1
"200201 - Battersea Church Road, Battersea",2
"200213 - Durant Street, Bethnal Green",1
"200063 - Mexfield Road, East Putney",1
"200193 - Snowsfields, London Bridge",3
"200197 - Barons Court Station, West Kensington",3
"300045 - Albert Bridge Road, Battersea Park",1
"300028 - Everington Street, Fulham",2
"300056 - Mile End Stadium, Mile End",2
"300055 - Stewart's Road, Wandsworth Road",1
"300049 - Aylward Street, Stepney",2
"300024 - Dunston Road , Haggerston",1
"300040 - Ada Street, Hackney Central",1
"300011 - Victoria Park Road, Hackney Central",1
"300038 - Star Road, West Kensington",2
"300039 - Wendon Street, Old Ford",1
"300041 - Finnis Street, Bethnal Green",1
"300053 - Stephendale Road, Sands End",2
"300046 - Alma Road, Wandsworth",1
"300050 - Walworth Square, Walworth",2
"300047 - Alfreda Street, Battersea Park",2
"300044 - Putney Bridge Road, East Putney",3
"300043 - St. Peter's Terrace, Fulham",2
"300082 - Bridge Avenue, Hammersmith",2
"300083 - Duke Street Hill, London Bridge",3
"200120 - Grant Road East, Clapham Junction",2
"300088 - Queensdale Road, Shepherd's Bush",2
"300086 - Fulham Broadway, Walham Green",3
"300087 - Imperial Road, Sands End",1
"300084 - Sirdar Road, Avondale",1
"300085 - Freston Road, Avondale",2
"300078 - Oxford Road, Putney",1
"300077 - Ingrave Street, Clapham Junction",1
"300075 - Upcerne Road, West Chelsea",1
"300076 - Lots Road, West Chelsea",2
"300089 - Ormonde Gate, Chelsea",2
"300092 - Hertford Road, De Beauvoir Town",2
"300081 - Haggerston Road, Haggerston",1
"300080 - Culvert Road, Battersea",2
"300074 - Newton Street, Covent Garden",3
"300079 - London Street, Paddington",2
"300067 - Grenfell Road, Avondale",3
"300058 - The Vale, Chelsea",1
"300073 - Prince of Wales Drive, Battersea Park",1
"300069 - Harcourt Terrace, West Brompton",2
"300072 - Broadley Terrace, Marylebone",1
"300068 - Humbolt Road, Fulham",1
"300027 - Mile End Park Leisure Centre, Mile End",1
"300064 - Ranelagh Gardens, Fulham",1
"200079 - Ram Street, Wandsworth",1
"200177 - Santos Road, Wandsworth",1
"300001 - Sandilands Road, Walham Green",2
"300097 - Gwendwr Road, West Kensington",1
"300007 - Rifle Place, Avondale",2
"300098 - Hurlingham Park, Parsons Green",2
"300101 - Little Brook Green, Brook Green",3
"300100 - Limburg Road, Clapham Junction",1
"300070 - Imperial Wharf Station, Sands End",1
"300032 - Victoria & Albert Museum, South Kensington",3
"300210 - Halford Road, West Kensington",2
"300213 - Monier Road, Hackney Wick",2
"300200 - East Village, Queen Elizabeth Olympic Park",2
"300227 - Timber Lodge, Queen Elizabeth Olympic Park",1
"300226 - Copper Box Arena, Queen Elizabeth Olympic Park",3
"300234 - Stratford Station, Stratford",1
"300205 - Cromer Street, Bloomsbury",2
"300204 - Victoria Rise, Clapham Common",2
"300201 - Coram Street, Bloomsbury",3
"300211 - Ossulston Street, Somers Town",1
"300212 - Birkenhead Street, King's Cross",2
"300202 - Kings Gate House, Westminster",3
"300248 - Sopwith Way, Battersea Park",1
"300208 - Lavington Street, Bankside",3
"300209 - Albert Square, Stockwell",1
"300238 - Southwark Street, Bankside",3
"300243 - Good's Way, King's Cross",3
"300241 - Handyside Street, King's Cross",3
"300207 - Gauden Road, Clapham",2
"300240 - Lincoln's Inn Fields, Holborn",3
"300237 - Tate Modern, Bankside",3
"300228 - Westferry Circus, Canary Wharf",3
"300217 - Here East North, Queen Elizabeth Olympic Park",1
"300224 - New Spring Gardens Walk, Vauxhall",3
"300245 - Clapham Road, Lingham Street, Stockwell",2
"300219 - Here East South, Queen Elizabeth Olympic Park",2
"300232 - Riverlight South, Nine Elms",2
"300239 - Victory Place, Walworth",2
"300221 - Battersea Power Station, Battersea Park",3
"300225 - Normandy Road, Stockwell",2
"300230 - Wynne Road, Stockwell",1
"300229 - Sidney Road, Stockwell",2
"300215 - St John's Crescent, Brixton",2
"200240 - Ferndale Road, Brixton",2
"300206 - Saltoun Road, Brixton",2
"300216 - Gas Holders, Battersea Park",2
"300220 - Farringdon Street, Holborn",3
"300235 - York Way, Kings Cross",2
"300222 - Fore Street, Guildhall",3
"002667 - Tower Wharf, Bermondsey",2
"300252 - Canada Water Station, Rotherhithe",2
"300029 - Lee Valley VeloPark, Queen Elizabeth Olympic Park",1
"300060 - Brandon Street, Walworth",2
"300063 - Burgess Park Albany Road, Walworth",1
"200049 - St. Katharine's Way, Tower",2
"001221 - St. George Street, Mayfair",3
"001114 - Pont Street, Knightsbridge",3
"001230 - Millennium Hotel, Mayfair",3
"001013 - St. Chad's Street, King's Cross",2
"003420 - Sedding Street, Sloane Square",3
"003424 - Broadcasting House, Marylebone",3
"003422 - Charlbert Street, St. John's Wood",1
"003423 - Maida Vale, Maida Vale",1
"000970 - Scala Street, Fitzrovia",3
"000988 - Great Russell Street, Bloomsbury",3
"003426 - Lansdowne Drive, Hackney Central",2
"003425 - Northington Street , Holborn",3
"003421 - Red Lion Square, Holborn",3
"001004 - Doric Way , Somers Town",2
"003427 - Fanshaw Street, Hoxton",2
"003428 - Pancras Road, King's Cross",3
"001083 - Commercial Street, Shoreditch",3
"000979 - Wenlock Road , Hoxton",2
"003437 - Curzon Street, Mayfair",3
"000986 - Finsbury Library , Finsbury",3
"000967 - Golden Lane, Barbican",2
"000974 - Guilford Street , Bloomsbury",3
"001017 - Great Dover Street, The Borough",2
"000990 - Cotton Garden Estate, Kennington",2
"000989 - Murray Grove , Hoxton",2
"000969 - Gower Place , Euston",3
"000985 - Hatton Garden, Holborn",3
"000983 - Euston Road, Euston",2
"001066 - Calshot Street , King's Cross",1
"003432 - Farringdon Lane, Clerkenwell",3
"001000 - Vauxhall Cross, Vauxhall",2
"000976 - Longford Street, The Regent's Park",1
"003433 - Sadlers Sports Centre, Finsbury",1
"003448 - Webber Street , Southwark",2
"003450 - Great Titchfield Street, Fitzrovia",3
"003452 - Panton Street, West End",3
"003449 - Breams Buildings, Holborn",3
"000994 - Tanner Street, Bermondsey",2
"003434 - Sancroft Street, Vauxhall",2
"001006 - Bayley Street , Bloomsbury",3
"003439 - Tavistock Place, Bloomsbury",1
"001076 - Walnut Tree Walk, Vauxhall",2
"001082 - Borough Road, Elephant & Castle",2
"001070 - Bricklayers Arms, Borough",2
"003447 - Gloucester Road (North), Kensington",3
"000972 - Hampstead Road, Euston",3
"001059 - Albert Embankment, Vauxhall",1
"003435 - Gloucester Road (Central), South Kensington",3
"001062 - Braham Street, Aldgate",3
"000998 - Lollard Street, Vauxhall",2
"000964 - Bath Street, St. Luke's",3
"001086 - Baker Street, Marylebone",3
"001068 - Norton Folgate, Liverpool Street",3
"000992 - St. John Street, Finsbury",1
"001005 - Eversholt Street , Camden Town",2
"001078 - Lambeth Road, Vauxhall",3
"001003 - Chapel Place, Marylebone",3
"000965 - Tachbrook Street, Victoria",2
"001073 - Kennington Road Post Office, Oval",2
"001002 - Holy Trinity Brompton, Knightsbridge",3
"000966 - New Kent Road, The Borough",2
"001094 - Wright's Lane, Kensington",3
"001178 - Cleveland Gardens, Bayswater",2
"001057 - Hardwick Street, Clerkenwell",1
"000997 - Worship Street, Shoreditch",3
"001173 - Gloucester Terrace, Bayswater",1
"001166 - Bell Street , Marylebone",2
"001165 - Riverlight North, Nine Elms",2
"001174 - Alderney Street, Pimlico",2
"001172 - Queen's Gate (South), South Kensington",1
"001104 - Claremont Square, Angel",1
"001106 - Rampayne Street, Pimlico",2
"000961 - Union Street, The Borough",2
"001171 - New Road 1 , Whitechapel",1
"001175 - Mallory Street, Marylebone",2
"003454 - Denyer Street, Knightsbridge",2
"003487 - Campden Hill Road, Notting Hill",1
"001081 - Liverpool Road (N1 Centre), Angel",2
"001099 - Frampton Street, Paddington",2
"001103 - Gloucester Street, Pimlico",2
"001091 - St. John's Wood Church, The Regent's Park",1
"003440 - Royal Avenue 1, Chelsea",2
"001194 - Westminster University, Marylebone",3
"001180 - Bourne Street, Belgravia",1
"001095 - LSBU (Borough Road), Elephant & Castle",2
"001184 - St. Mary Axe, Aldgate",3
"001087 - Belgrave Road, Victoria",3
"001191 - Barbican Centre, Barbican",3
"001142 - Tooley Street, Bermondsey",3
"001187 - St. John's Wood Road, St. John's Wood",2
"001206 - Montpelier Street, Knightsbridge",3
"200069 - Knaresborough Place, Earl's Court",2
"001189 - Long Lane , Bermondsey",2
"001200 - Ontario Street, Elephant & Castle",2
"001158 - St. Martin's Street, West End",3
"001203 - Eastbourne Mews, Paddington",3
"001188 - London Zoo Car Park, The Regent's Park",2
"010627 - Grosvenor Square, Mayfair",3
"010623 - Greycoat Street , Westminster",1
"002694 - Clapham Common Station, Clapham Common",3
"002685 - South Kensington Station, South Kensington",3
"002691 - Howland Street, Fitzrovia",3
"002686 - Royal College Street, Camden Town",1
"003507 - Store Street, Bloomsbury",3
"002690 - City Road, Angel",2
"010632 - Kensington Town Hall, Kensington",2
"002669 - Charlotte Street, Fitzrovia",3
"002703 - Fire Brigade Pier, Vauxhall",3
"002699 - Snow Hill, Farringdon",3
"002698 - Aberdeen Place, St. John's Wood",1
"002695 - Cadogan Gardens, Chelsea",3
"002693 - Shouldham Street, Marylebone",1
"010631 - Holland Park, Kensington",1
"002687 - Brick Lane Market, Shoreditch",3
"002701 - Columbia Road, Shoreditch",2
"010625 - Penfold Street, Marylebone",2
"010630 - George Place Mews, Marylebone",3
"001107 - Gloucester Road Station, South Kensington",3
"001058 - Edgware Road Station, Marylebone",2
"010629 - Rotherhithe Roundabout, Rotherhithe",2
"010628 - Cleaver Street, Kennington",2
"022160 - Chelsea Bridge, Pimlico",2
"022159 - Ebury Bridge, Pimlico",2
"022161 - Vincent Street, Pimlico",2
"022182 - South Parade, Chelsea",3
"022183 - Crinan Street, King's Cross",3
"022169 - Wren Street, Holborn",1
"022170 - Kennington Station, Kennington",1
"200003 - Cheshire Street, Bethnal Green",1
"022165 - Fisherman's Walk West, Canary Wharf",1
"200002 - Jubilee Street, Stepney",2
"200118 - Parkway, Camden Town",2
"200123 - Burdett Road, Mile End",2
"200105 - Bonny Street, Camden Town",1
"200093 - Thurtle Road, Haggerston",2
"200082 - St. Mary & St. Michael Church, Stepney",2
"200006 - Hewison Street, Old Ford",1
"022167 - Millharbour, Millwall",2
"200004 - Lightermans Road, Millwall",2
"200115 - Flamborough Street, Limehouse",2
"022166 - Albert Gardens, Stepney",1
"022172 - Bromley High Street, Bow",2
"022173 - Old Ford Road, Bethnal Green",2
"022174 - Granby Street, Shoreditch",2
"022175 - Canton Street, Poplar",1
"022176 - Reardon Street, Wapping",2
"200090 - Pennington Street, Wapping",1
"200073 - Cephas Street, Bethnal Green",2
"200131 - Clarkson Street, Bethnal Green",1
"200083 - Pritchard's Road, Bethnal Green",1
"200080 - Russell Gardens, Olympia",2
"200089 - Chrisp Street Market, Poplar",2
"200088 - Clarges Street, Mayfair",3
"200134 - Albany Street, The Regent's Park",2
"200070 - Arlington Road, Camden Town",2
"200127 - East India DLR, Blackwall",2
"200076 - Westminster Bridge Road, Elephant & Castle",1
"200132 - Gaywood  Street, Elephant & Castle",2
"200102 - Harford Street, Mile End",1
"200078 - Aberfeldy Street, Poplar",3
"200135 - Selby Street, Whitechapel",1
"200110 - Bishop's Bridge Road West, Bayswater",2
"200099 - Upper Bank Street, Canary Wharf",3
"200001 - Limerston Street, West Chelsea",1
"200109 - Alpha Grove, Millwall",2
"200084 - Doddington Grove, Kennington",1
"200086 - Ilchester Gardens, Bayswater",2
"200092 - Mudchute DLR, Cubitt Town",1
"200101 - Monument Street, Monument",3
"200108 - Bishop's Bridge Road East, Bayswater",2
"200133 - South Lambeth Road, Vauxhall",2
"200125 - Putney Bridge Station, Fulham",3
"200025 - London Fields, Hackney Central",2
"200029 - Finlay Street, Fulham",2
"200007 - Holden Street, Battersea",1
"200062 - William Morris Way, Sands End",1
"200040 - Broomhouse Lane, Parsons Green",1
"200119 - Dorothy Road, Clapham Junction",2
"200129 - Charlotte Terrace, Angel",2
"200057 - Belford House, Haggerston",1
"200094 - St. Bride Street, Holborn",3
"300094 - Plough Terrace, Clapham Junction",1
"200185 - St. John's Road, Clapham Junction",2
"300065 - Clapham Common North Side, Clapham Common",1
"200072 - Houndsditch, Aldgate",3
"002679 - George Row, Bermondsey",2
"300253 - Bermondsey Station, Bermondsey",3
"001162 - Dorset Square, Marylebone",2
"000963 - Bankside Mix, Bankside",3
"001201 - Bank of England Museum, Bank",3
"001085 - Old Quebec Street, Marylebone",3
"200195 - St Martins Close, Camden Town",2
"200034 - Wapping Lane, Wapping",2
"200232 - Preston's Road, Cubitt Town",2
"001208 - Dickens Square, Borough",2
"001096 - Bayswater Road, Hyde Park",1
"001217 - Serpentine Car Park, Hyde Park",3
"001110 - Palace Gate, Kensington Gardens",2
"001075 - Hyde Park Corner, Hyde Park",3
"000981 - British Museum, Bloomsbury",3
"001220 - Imperial College, Knightsbridge",3
"001231 - Queen's Gate, Kensington Gardens",3
"001001 - West Cromwell Road, Earl's Court",2
"200166 - Southerton Road, Hammersmith",1
"001101 - Knightsbridge, Hyde Park",1
"300020 - West Kensington Station, West Kensington",2
"300048 - Stainsby Road , Poplar",2
"001137 - Harper Road, The Borough",1
"000996 - Borough High Street, The Borough",1
"001195 - St. George's Square, Pimlico",2
"001098 - Lower Thames Street, Monument",3
"001031 - Nesham Street, Wapping",1
"001071 - Tower Gardens , Tower",3
"001213 - Curlew Street, Shad Thames",2
"002688 - Clifford Street, Mayfair",3
"200216 - Clements Road, Bermondsey",2
"300062 - South Bermondsey Station, Bermondsey",1
"300004 - Harris Academy, Bermondsey",2
"300059 - The Blue, Bermondsey",2
"003506 - Stanhope Gate, Mayfair",3
"001205 - Black Prince Road, Vauxhall",2
"003430 - Central House, Aldgate",3
"001041 - Westbourne Grove, Bayswater",2
"300095 - Michael Road, Walham Green",2
"001035 - Boston Place, Marylebone",2
"001060 - Torrens Street, Angel",1
"003497 - Rathbone Street, Fitzrovia",3
"200030 - Driffield Road, Old Ford",1
"001183 - Bramham Gardens, Earl's Court",2
"003499 - Prince Consort Road, Knightsbridge",3
"001015 - New Globe Walk, Bankside",3
"300042 - Upper Richmond Road, Putney",3
"001089 - Queen's Gate (Central), South Kensington",3
"200066 - Import Dock, Canary Wharf",3
"001027 - Warwick Avenue Station, Maida Vale",2
"200081 - Coomer Place, West Kensington",2
"000984 - Finsbury Circus, Liverpool Street",3
"001177 - Seville Street, Knightsbridge",3
"300061 - Crimscott Street, Bermondsey",2
"001179 - Chelsea Green, Chelsea",2
"001147 - Clifton Road, Maida Vale",2
"200071 - Hoxton Street, Hoxton",1
"300021 - Podium, Queen Elizabeth Olympic Park",3
"300203 - Euston Square Gardens, Euston",2
"200189 - Phene Street, Chelsea",1
"200151 - Hoxton Station, Hoxton",3
"200111 - Abbotsbury Road, Holland Park",2
"300014 - Falcon Road, Clapham Junction",2
"200008 - Portman Square, Marylebone",3
"001225 - George Street, Marylebone",3
"000973 - Bethnal Green Road, Shoreditch",3
"002677 - Natural History Museum, South Kensington",3
"001199 - The Tennis Courts, The Regent's Park",3
"001139 - Carey Street, Holborn",3
"200223 - Ashmole Estate, Oval",2
"001169 - Grosvenor Crescent, Belgravia",3
"001207 - Tavistock Street, Covent Garden",3
"022158 - Exhibition Road Museums 1, South Kensington",3
"200052 - Exhibition Road Museums 2, South Kensington",3
"000999 - Queen Street 1, Bank",3
"003469 - Cadogan Place, Knightsbridge",3
"003493 - South Audley Street, Mayfair",3
"001034 - Bruton Street, Mayfair",3
"001020 - Leonard Circus , Shoreditch",3
"200163 - Jubilee Plaza, Canary Wharf",3
"200128 - Queen Street 2, Bank",3
"001028 - William IV Street, Strand",3
"001122 - Ashley Place, Victoria",2
"003457 - Rochester Row, Westminster",3
"001037 - Park Lane , Hyde Park",1
"003488 - Charles II Street, West End",3
"001067 - St. James's Square, St. James's",3
"003429 - Abbey Orchard Street, Westminster",3
"001109 - Wellington Arch, Hyde Park",1
"001132 - Albert Gate, Hyde Park",1
"200178 - Buckingham Gate, Westminster",3
"001032 - New Inn Yard, Shoreditch",3
"001202 - Wellington Street , Strand",3
"002666 - Howick Place, Westminster",3
"200227 - Westfield Library Corner, Shepherd's Bush",2
"300054 - Chesilton Road, Fulham",2
"022177 - Christian Street, Whitechapel",1
"001143 - Kensington Church Street, Kensington",2
"003436 - Derry Street, Kensington",2
"022178 - Lindfield Street, Poplar",2
"003456 - Portugal Street, Holborn",3
"001052 - Soho Square , Soho",3
"010621 - Upper Grosvenor Street, Mayfair",3
"003504 - Moor Street, Soho",3
"002660 - Frith Street, Soho",3
"003489 - Broadwick Street, Soho",3
"001163 - Wardour Street, Soho",3
"300093 - Park Lane, Mayfair",3
"300247 - Cranmer Road, Stockwell",1
"200096 - Green Park Station, Mayfair",3
"001153 - Pall Mall East, West End",3
"300214 - Blackfriars Road, Southwark",3
"003458 - Waterloo Place, St. James's",3
"200031 - East Ferry Road, Cubitt Town",2
"001011 - Argyle Street, Kings Cross",2
"300242 - Allington Street, Victoria",3
"300071 - Elgin Avenue, Maida Hill",2
"003505 - Marloes Road, Kensington",3
"001148 - Queen Mother Sports Centre, Victoria",1
"001170 - Horseferry Road, Westminster",3
"300006 - Clapham South, Clapham South",2
"200098 - Aintree Street, Fulham",2
"001016 - Hereford Road, Bayswater",2
"002589 - Pembridge Villas, Notting Hill",1
"200015 - Ladbroke Grove Central, Ladbroke Grove",1
"002682 - Turquoise Island, Notting Hill",1
"300026 - All Saints' Road, Portobello",1
"300023 - All Saints Church, Portobello",1
"300090 - Blenheim Crescent, Ladbroke Grove",2
"300244 - The Metropolitan, Portobello",1
"300236 - Bevington Road West, North Kensington",2
"001120 - Chepstow Villas, Notting Hill",1
"200065 - Lansdowne Walk, Ladbroke Grove",1
"300091 - Hortensia Road, West Brompton",2
"200045 - Garnet Street, Shadwell",2
"300034 - St. Mark's Road, North Kensington",2
"002662 - Butler Place, Westminster",3
"022171 - Red Lion Street, Holborn",3
"002587 - Wormwood Street, Liverpool Street",3
"001182 - Notting Hill Gate Station, Notting Hill",3
"001196 - Vincent Square, Westminster",1
"001228 - Southampton Street, Strand",3
"200122 - Hawley Crescent, Camden Town",1
"003462 - Royal Avenue 2, Chelsea",3
"200138 - Heron Quays DLR, Canary Wharf",3
"003470 - Great Percy Street, Clerkenwell",2
"001144 - Poured Lines, Bankside",2
"300015 - Binfield Road, Stockwell",2
"022164 - Eaton Square (South), Belgravia",3
"001105 - LMU Commercial Road, Whitechapel",2
"200097 - Beryl Road, Hammersmith",3
"200200 - Great Suffolk Street, The Borough",2
"003441 - Vicarage Gate, Kensington",2
"001088 - Triangle Car Park, Hyde Park",3
"003480 - Smith Square, Westminster",1
"000971 - Godliman Street, St. Paul's",3
"001074 - Newgate Street , St. Paul's",3
"200203 - King Edward Street, St Pauls",3
"003484 - Houghton Street, Strand",3
"001048 - Queen Victoria Street, St. Paul's",3
"001063 - Wood Street, Guildhall",3
"001043 - Museum of London, Barbican",3
"022180 - Cheapside, Bank",3
"200044 - New Fetter Lane, Holborn",3
"001008 - Hatton Wall, Holborn",3
"001193 - Kensington Gore, Knightsbridge",3
"200074 - Bury Place, Holborn",3
"001197 - Sackville Street, Mayfair",3
"001204 - Queen's Gate (North), Kensington",3
"003442 - Abingdon Villas, Kensington",2
"001077 - Royal London Hospital, Whitechapel",3
"200077 - Vicarage Crescent, Battersea",1
"001064 - Old Street Station, St. Luke's",3
"003501 - Clifton Street, Shoreditch",3
"001126 - North Audley Street, Mayfair",3
"001176 - Waterloo Road, South Bank",1
"002635 - Concert Hall Approach 1, South Bank",2
"001021 - Bouverie Street, Temple",3
"003455 - Arundel Street, Temple",3
"000959 - Milroy Walk, South Bank",3
"001133 - Baylis Road, Waterloo",2
"001186 - Belvedere Road 1, South Bank",2
"001141 - Kingsway, Covent Garden",3
"001117 - Lambeth North Station, Waterloo",2
"001212 - Concert Hall Approach 2, South Bank",2
"001219 - Lower Marsh, Waterloo",2
"022163 - Southwark Station 2, Southwark",3
"200231 - Abingdon Green, Westminster",3
"200226 - Kingsway Southbound, Strand",3
"200212 - Blackfriars Station, St. Paul's",3
"200202 - Storey's Gate, Westminster",3
"300096 - Tallis Street, Temple",3
"300231 - Lambeth Palace Road, Waterloo",3
"300246 - Belvedere Road 2, South Bank",2
"200144 - Sea Containers, South Bank",3
"001100 - Strand, Strand",3
"300249 - Westminster Pier, Westminster",3
"001160 - Craven Street, Strand",2
"001072 - Waterloo Station 3, Waterloo",2
"002692 - Waterloo Station 2, Waterloo",2
"002696 - Waterloo Station 1, Waterloo",2
"200206 - Chicheley Street, South Bank",1
"000962 - Stamford Street, South Bank",2
"001151 - Whitehall Place, Strand",3
"300250 - Temple Gardens, Temple",3
"002648 - Waterloo Bridge, South Bank",1
"001097 - Northumberland Avenue, Strand",3
"200068 - Somerset House, Strand",3
"001192 - Embankment (Savoy), Strand",3
"001012 - Christopher Street, Liverpool Street",3
"001145 - Earnshaw Street , Covent Garden",3
"001129 - Sun Street, Liverpool Street",3
"200019 - Malmesbury Road, Bow",1
"001044 - The Guildhall, Guildhall",3
"003444 - Penywern Road, Earl's Court",2
"003465 - Eccleston Place, Victoria",2
"200209 - Shepherd's Bush Road North, Shepherd's Bush",2
"001164 - Portland Place, Marylebone",3
"200106 - Spanish Road, Clapham Junction",1
"300057 - Westbourne Park Road, Portobello",2
"300002 - Brook Green South, Brook Green",3
"200205 - Montserrat Road , Putney",1
"001128 - Westbourne Green, Westbourne",1
