,2024-02-26 16:35:00+00:00
"001023 - River Street , Clerkenwell",51.52916347
"001018 - Phillimore Gardens, Kensington",51.49960695
"001024 - Park Street, Bankside",51.50597426
"001022 - Brunswick Square, Bloomsbury",51.52395143
"000980 - Malet Street, Bloomsbury",51.52168078
"001010 - Cartwright Gardens , Bloomsbury",51.52635795
"001007 - Drury Lane, Covent Garden",51.51477076
"001009 - Taviton Street, Bloomsbury",51.52505093
"000993 - Drummond Street , Euston",51.527326
"001019 - Ampton Street , Clerkenwell",51.52728093
"001025 - Bolsover Street, Fitzrovia",51.52351808
"001029 - Windsor Terrace, Hoxton",51.52915444
"003446 - De Vere Gardens, Kensington",51.50173726
"003445 - Shoreditch High Street, Shoreditch",51.5263778
"001084 - Pindar Street, Liverpool Street",51.520955
"001036 - Crawford Street, Marylebone",51.52026
"001054 - East Road, Hoxton",51.52867339
"001026 - Roscoe Street, St. Luke's",51.52295439
"003431 - Grafton Street, Mayfair",51.5099923
"001033 - Paddington Street, Marylebone",51.52058381
"001030 - Lisson Grove, St. John's Wood",51.52644828
"000982 - Holborn Circus, Holborn",51.51795029
"000975 - Theobald's Road , Holborn",51.52059681
"000978 - Russell Square Station, Bloomsbury",51.52341837
"001038 - Harrington Square 1, Camden Town",51.53301907
"002586 - Cloudesley Road, Angel",51.53440868
"001065 - Aldersgate Street, Barbican",51.5208417
"001047 - Falkirk Street, Hoxton",51.53095071
"001045 - Jewry Street, Aldgate",51.51340693
"000991 - Crosswall, Tower",51.51159481
"001042 - Woodstock Street, Mayfair",51.51410514
"001049 - Finsbury Leisure Centre, St. Luke's",51.52600832
"001055 - Wellington Road, St. John's Wood",51.53304322
"001050 - Park Road (Baker Street), The Regent's Park",51.52451738
"000995 - Little Argyll Street, West End",51.51449962
"001116 - Emperor's Gate, South Kensington",51.49536226
"001039 - Wapping High Street, Wapping",51.504904
"001053 - Clerkenwell Green, Clerkenwell",51.52326004
"003464 - Green Street, Mayfair",51.51227622
"001056 - Finsbury Square , Moorgate",51.52096262
"001093 - Kennington Cross, Kennington",51.48894022
"001115 - Ilchester Place, Kensington",51.50074359
"001046 - Vauxhall Bridge , Pimlico",51.48836528
"001118 - Hampton Street, Walworth",51.49217002
"001121 - Lexham Gardens, Kensington",51.49586666
"001113 - Trebovir Road, Earl's Court",51.49085368
"003478 - Guildhouse Street, Victoria",51.49234577
"001123 - Southampton Place, Holborn",51.51760685
"003461 - Sloane Avenue, Knightsbridge",51.4931848
"002585 - Orsett Terrace, Bayswater",51.517932
"003463 - Argyll Road, Kensington",51.50040123
"003477 - Porchester Place, Paddington",51.5147461
"003459 - Collingham Gardens, Earl's Court",51.4916156
"001124 - Sumner Place, South Kensington",51.49121192
"003460 - Warwick Square, Pimlico",51.48985626
"003473 - Belgrave Square, Belgravia",51.49941247
"001167 - South Wharf Road, Paddington",51.51733558
"000960 - Hop Exchange, The Borough",51.50462759
"001080 - Great Tower Street, Monument",51.51048489
"001102 - Leman Street, Aldgate",51.51236389
"001040 - West Smithfield Rotunda, Farringdon",51.51821864
"003468 - Margery Street, Clerkenwell",51.52659961
"003476 - Hinde Street, Marylebone",51.51681444
"001079 - Endsleigh Gardens, Euston",51.52683806
"001092 - Moorfields, Moorgate",51.51906932
"003479 - Old Brompton Road, South Kensington",51.49094565
"003486 - St. Luke's Church, Chelsea",51.48971651
"003481 - Rodney Road , Walworth",51.49148474
"001150 - Queensway, Kensington Gardens",51.51031
"001154 - Kennington Road, Vauxhall",51.49571828
"003483 - Fashion Street, Whitechapel",51.51838043
"003467 - Dock Street, Wapping",51.5097860151
"001090 - Warren Street Station, Euston",51.52443845
"003482 - Beaumont Street, Marylebone",51.52200801
"001140 - Grosvenor Road, Pimlico",51.4853572
"001159 - Berry Street, Clerkenwell",51.52285301
"001161 - Brushfield Street, Liverpool Street",51.518908
"001051 - Shoreditch Park, Hoxton",51.53404294
"003471 - Chadwell Street, Angel",51.53051587
"003491 - Princes Square, Bayswater",51.5134891
"001146 - Tysoe Street, Clerkenwell",51.52644342
"003490 - Southwick Street, Paddington",51.51595344
"001155 - Regency Street, Westminster",51.49206037
"001209 - Empire Square, The Borough",51.50082346
"001190 - Kennington Lane Rail Bridge, Vauxhall",51.4863434
"001136 - London Zoo,  The Regent's Park",51.53583617
"001134 - Warwick Road, Olympia",51.49671237
"001156 - Bedford Way, Bloomsbury",51.52367314
"001138 - Elizabeth Bridge, Victoria",51.49236962
"003496 - St Mary's Hospital, Paddington",51.518268
"001135 - Claverton Street, Pimlico",51.48483991
"001214 - Kensington Olympia Station, Olympia",51.49815779
"001216 - Swan Street, The Borough",51.50029631
"003498 - Geraldine Street, Elephant & Castle",51.49612799
"001152 - Marylebone Lane, Marylebone",51.51475963
"003492 - Putney Pier, Wandsworth",51.466907
"001157 - Black Lion Gate, Kensington Gardens",51.50990837
"003494 - Foley Street, Fitzrovia",51.51918144
"001130 - Grove End Road, St. John's Wood",51.53088935
"003495 - Wells Street, Fitzrovia",51.51734403
"003485 - Tyers Gate, Bermondsey",51.50088934
"000968 - Warwick Row, Westminster",51.497998
"003500 - Baldwin Street, St. Luke's",51.52702563
"002637 - Bermondsey Street, Bermondsey",51.49785559
"003502 - Palissy Street, Shoreditch",51.526293
"001131 - Graham Street, Angel",51.53266186
"002641 - New North Road 2, Hoxton",51.53114
"002636 - Prince Albert Road, The Regent's Park",51.53589283
"001211 - Bunhill Row, Moorgate",51.52085887
"001210 - Nevern Place, Earl's Court",51.49334336
"002633 - Palace Gardens Terrace, Notting Hill",51.50860544
"001127 - Risinghill Street, Angel",51.5333196
"001218 - Flood Street, Chelsea",51.48802358
"001226 - Macclesfield Rd, St Lukes",51.529423
"001224 - Vauxhall Street, Vauxhall",51.486965
"001229 - High Holborn , Covent Garden",51.516226
"002680 - Harrowby Street, Marylebone",51.5173721
"002681 - Harriet Street, Knightsbridge",51.50024195
"002670 - Paddington Green, Paddington",51.520205
"002639 - King Edward Walk, Waterloo",51.49775
"002649 - Sardinia Street, Holborn",51.515208
"002683 - Millbank Tower, Pimlico",51.49188409
"002678 - Farm Street, Mayfair",51.50935171
"001223 - Buxton Street 1, Shoreditch",51.521776
"001227 - Devonshire Terrace, Bayswater",51.51348
"010624 - Strata, Elephant & Castle",51.493146
"022179 - Exhibition Road, Knightsbridge",51.499917
"200056 - Vauxhall Walk, Vauxhall",51.488124
"200053 - Killick Street, King's Cross",51.5338
"200032 - Kennington Oval, Oval",51.483145
"200039 - Sail Street, Vauxhall",51.495656
"200035 - Walmer Road, Avondale",51.510101
"200033 - Philpot Street, Whitechapel",51.515256
"200047 - Bethnal Green Garden, Bethnal Green",51.52568
"200042 - York Hall, Bethnal Green",51.528936
"200054 - Jubilee Crescent, Cubitt Town",51.493381
"200020 - Shadwell Station, Shadwell",51.511088
"200021 - Hermitage Court, Wapping",51.504719
"200046 - Napier Avenue, Millwall",51.487679
"200016 - Castlehaven Road, Camden Town",51.542138
"200014 - Gunmakers Lane, Old Ford",51.535179
"200013 - Aston Street, Stepney",51.516
"200152 - Pitfield Street North,Hoxton",51.53558
"200158 - Whiston Road, Haggerston",51.534464
"200168 - Southern Grove, Bow",51.523538
"200150 - Cantrell Road, Bow",51.521564
"200174 - Mostyn Grove, Bow",51.530535
"200155 - Gascoyne Road, Victoria Park",51.541515
"200009 - Stebondale Street, Cubitt Town",51.489096
"200018 - Spindrift Avenue, Millwall",51.49109
"200012 - Stepney Green Station, Stepney",51.521889
"200156 - Pott Street, Bethnal Green",51.527152
"200022 - Saunders Ness Road, Cubitt Town",51.487129
"200249 - Queen Mary's, Mile End",51.522507
"200230 - Maplin Street, Mile End",51.525501
"200233 - South Quay East, Canary Wharf",51.50196
"200252 - Bow Church Station, Bow",51.528169
"200255 - Devons Road, Bow",51.52512
"200242 - Merchant Street, Bow",51.526578
"200251 - Bow Road Station, Bow",51.527058
"200011 - Furze Green, Bow",51.519265
"200148 - Ansell House, Stepney",51.520019
"200241 - Bonner Gate, Victoria Park",51.53341
"200250 - Cleveland Way, Stepney",51.520893
"200243 - St. John's Park, Cubitt Town",51.496454
"200038 - Ackroyd Drive, Bow",51.520398
"200036 - Bell Lane, Liverpool Street",51.517475
"200157 - Fournier Street, Whitechapel",51.519362
"200253 - Fore Street Avenue, Guildhall",51.517842
"200238 - Westferry DLR, Limehouse",51.509303
"200256 - Sutton Street, Shadwell",51.511066
"200027 - Ford Road, Old Ford",51.532513
"200041 - Antill Road, Mile End",51.528224
"200254 - Teviot Street, Poplar",51.518811
"200234 - Bancroft Road, Bethnal Green",51.526041
"200161 - Clinton Road, Mile End",51.525941
"200160 - Langdon Park, Poplar",51.51549
"200017 - Lancaster Gate , Bayswater",51.511654
"200153 - Blythe Road, Olympia",51.496927
"200143 - Lancaster Drive, Blackwall",51.503143
"200154 - Hansard Mews, Holland Park",51.503802
"200010 - Manresa Road, Chelsea",51.486892
"200146 - Newby Place, Poplar",51.508896
"200167 - Twig Folly Bridge, Mile End",51.530326
"200165 - Wellington Row, Bethnal Green",51.528222
"200159 - Goldsmith's Row, Haggerston",51.531864
"200145 - Gloucester Avenue, Camden Town",51.537349
"200024 - Queensbridge Road, Haggerston",51.53385
"200239 - Old Montague Street, Whitechapel",51.51793
"200050 - Naval Row, Blackwall",51.508981
"200147 - Salmon Lane, Limehouse",51.514115
"200051 - Percival Street, Finsbury",51.526153
"200149 - Watney Street, Shadwell",51.511542
"200064 - Regent's Row , Haggerston",51.535678
"200048 - Page Street, Westminster",51.493978
"200037 - Rectory Square, Stepney",51.518369
"200141 - Westfield Ariel Way, White City",51.509158
"200248 - Pitfield Street Central, Hoxton",51.53213
"200061 - Westfield Southern Terrace ,Shepherd's Bush",51.506256
"200026 - Greenland Road, Camden Town",51.539099
"200246 - Eagle Wharf Road, Hoxton",51.53356
"200247 - Globe Town Market, Bethnal Green",51.528869
"200244 - Hollybush Gardens, Bethnal Green",51.527607
"200060 - Drayton Gardens, West Chelsea",51.487196
"200236 - Greenberry Street, St.John's Wood",51.53256
"200058 - Northdown Street, King's Cross",51.531066
"200142 - Hammersmith Road, Hammersmith",51.493267
"200237 - Parson's Green , Parson's Green",51.472817
"200229 - Fulham Park Road, Fulham",51.473471
"200235 - Manbre Road, Hammersmith",51.485743
"200136 - BBC White City, White City",51.514767
"200211 - Union Grove, Wandsworth Road",51.472993
"200137 - Caldwell Street, Stockwell",51.477839
"200198 - Seymour Place, Marylebone",51.520331
"200218 - Addison Road, Holland Park",51.504199
"200224 - Colet Gardens, Hammersmith",51.491093
"200208 - Sugden Road, Clapham",51.46512358
"200222 - Danvers Street, West Chelsea",51.48256792
"200067 - Princedale Road , Holland Park",51.50646524
"200175 - Wandsworth Rd, Isley Court, Wandsworth Road",51.46925984
"200214 - Woodstock Grove, Shepherd's Bush",51.50403821
"200028 - Elysium Place, Fulham",51.47107905
"300003 - Eel Brook Common, Walham Green",51.47625965
"300012 - Irene Road, Parsons Green",51.4737636
"300010 - Surrey Lane, Battersea",51.47518024
"200091 - Wandsworth Town Station, Wandsworth",51.46086446
"200172 - Lansdowne Road, Ladbroke Grove",51.50748124
"200186 - Nantes Close, Wandsworth",51.46193072
"200173 - Courland Grove, Wandsworth Road",51.4729184
"200190 - Queen's Circus, Battersea Park",51.47761941
"300008 - Normand Park, West Kensington",51.48438657
"200187 - Morie Street, Wandsworth",51.45995384
"200194 - Clarence Walk, Stockwell",51.47073264
"200183 - Battersea Park Road, Nine Elms",51.4795017
"200176 - Sheepcote Lane, Battersea",51.47053858
"200116 - Vereker Road, West Kensington",51.48959104
"200215 - Greyhound Road, Hammersmith",51.48606206
"200180 - South Park, Sands End",51.46706414
"200191 - Spencer Park, Wandsworth Common",51.45787019
"200179 - Silverthorne Road, Battersea",51.47286577
"300025 - Archbishop's Park, Waterloo",51.49824168
"200192 - Fawcett Close, Battersea",51.46916161
"200182 - Rainville Road, Hammersmith",51.48373225
"200181 - Richmond Way, Shepherd's Bush",51.50035306
"200171 - Peterborough Road, Sands End",51.46904022
"300009 - World's End Place, West Chelsea",51.48180515
"300030 - Thorndike Close, West Chelsea",51.48089844
"300022 - Evesham Street, Avondale",51.51148696
"200196 - Simpson Street, Clapham Junction",51.47084722
"200221 - Crabtree Lane, Fulham",51.48294452
"200220 - Blythe Road West, Shepherd's Bush",51.49968
"300005 - Ethelburga Estate, Battersea Park",51.47729232
"200124 - Clarendon Road, Avondale",51.51323001
"300013 - Austin Road, Battersea Park",51.474376
"200113 - Smugglers Way, Wandsworth",51.46108367
"300037 - Ravenscourt Park Station, Hammersmith",51.49422354
"300036 - Teversham Lane, Stockwell",51.47614939
"200169 - Ashley Crescent, Battersea",51.46718562
"300052 - Parsons Green Station, Parsons Green",51.475089
"300051 - Hibbert Street, Battersea",51.46517078
"300035 - Carnegie Street, King's Cross",51.53546778
"200126 - Usk Road, Clapham Junction",51.46348914
"200207 - Hartington Road, Stockwell",51.47787084
"200023 - Heath Road, Battersea",51.46866929
"200170 - Esmond Street, Putney",51.46231278
"200114 - Orbel Street, Battersea",51.47453545
"200210 - Westbridge Road, Battersea",51.47768469
"200043 - Bishop's Avenue, Fulham",51.47303687
"200188 - Neville Gill Close, Wandsworth",51.45475251
"200219 - Osiers Road, Wandsworth",51.46067005
"200204 - Northfields, Wandsworth",51.46095151
"200199 - Stanley Grove, Battersea",51.47047503
"200184 - Erin Close, Walham Green",51.47946386
"200112 - Cadogan Close, Victoria Park",51.54211855
"300019 - Felsham Road, Putney",51.464786
"300033 - Putney Rail Station, Putney",51.46071722
"300031 - Islington Green, Angel",51.53638435
"300018 - Charing Cross Hospital, Hammersmith",51.48728535
"200121 - Shoreditch Court, Haggerston",51.53908372
"200201 - Battersea Church Road, Battersea",51.47696496
"200213 - Durant Street, Bethnal Green",51.52868155
"200063 - Mexfield Road, East Putney",51.45682071
"200193 - Snowsfields, London Bridge",51.50215353
"200197 - Barons Court Station, West Kensington",51.49021762
"300045 - Albert Bridge Road, Battersea Park",51.47439218
"300028 - Everington Street, Fulham",51.48335692
"300056 - Mile End Stadium, Mile End",51.51854104
"300055 - Stewart's Road, Wandsworth Road",51.47311696
"300049 - Aylward Street, Stepney",51.51563007
"300024 - Dunston Road , Haggerston",51.53658514
"300040 - Ada Street, Hackney Central",51.53571683
"300011 - Victoria Park Road, Hackney Central",51.53642464
"300038 - Star Road, West Kensington",51.48724429
"300039 - Wendon Street, Old Ford",51.53603947
"300041 - Finnis Street, Bethnal Green",51.52458353
"300053 - Stephendale Road, Sands End",51.46822047
"300046 - Alma Road, Wandsworth",51.45799126
"300050 - Walworth Square, Walworth",51.491327
"300047 - Alfreda Street, Battersea Park",51.47505096
"300044 - Putney Bridge Road, East Putney",51.46199911
"300043 - St. Peter's Terrace, Fulham",51.47893931
"300082 - Bridge Avenue, Hammersmith",51.49208492
"300083 - Duke Street Hill, London Bridge",51.50630441
"200120 - Grant Road East, Clapham Junction",51.46489445
"300088 - Queensdale Road, Shepherd's Bush",51.50659035
"300086 - Fulham Broadway, Walham Green",51.47993289
"300087 - Imperial Road, Sands End",51.47514228
"300084 - Sirdar Road, Avondale",51.51092871
"300085 - Freston Road, Avondale",51.5129814
"300078 - Oxford Road, Putney",51.46079243
"300077 - Ingrave Street, Clapham Junction",51.46745485
"300075 - Upcerne Road, West Chelsea",51.47816972
"300076 - Lots Road, West Chelsea",51.4795738
"300089 - Ormonde Gate, Chelsea",51.48796408
"300092 - Hertford Road, De Beauvoir Town",51.53727795
"300081 - Haggerston Road, Haggerston",51.53932857
"300080 - Culvert Road, Battersea",51.4710956
"300074 - Newton Street, Covent Garden",51.51612862
"300079 - London Street, Paddington",51.515117
"300067 - Grenfell Road, Avondale",51.5129006
"300058 - The Vale, Chelsea",51.48512191
"300073 - Prince of Wales Drive, Battersea Park",51.47515398
"300069 - Harcourt Terrace, West Brompton",51.48795853
"300072 - Broadley Terrace, Marylebone",51.52456169
"300068 - Humbolt Road, Fulham",51.48321729
"300027 - Mile End Park Leisure Centre, Mile End",51.52059714
"300064 - Ranelagh Gardens, Fulham",51.46760141
"200079 - Ram Street, Wandsworth",51.45752945
"200177 - Santos Road, Wandsworth",51.45705988
"300001 - Sandilands Road, Walham Green",51.473611
"300097 - Gwendwr Road, West Kensington",51.491026
"300007 - Rifle Place, Avondale",51.509224
"300098 - Hurlingham Park, Parsons Green",51.470131
"300101 - Little Brook Green, Brook Green",51.496664
"300100 - Limburg Road, Clapham Junction",51.4619230679
"300070 - Imperial Wharf Station, Sands End",51.474665
"300032 - Victoria & Albert Museum, South Kensington",51.495898
"300210 - Halford Road, West Kensington",51.483911
"300213 - Monier Road, Hackney Wick",51.5403115
"300200 - East Village, Queen Elizabeth Olympic Park",51.546326
"300227 - Timber Lodge, Queen Elizabeth Olympic Park",51.546805
"300226 - Copper Box Arena, Queen Elizabeth Olympic Park",51.544909
"300234 - Stratford Station, Stratford",51.541793
"300205 - Cromer Street, Bloomsbury",51.528279
"300204 - Victoria Rise, Clapham Common",51.461376
"300201 - Coram Street, Bloomsbury",51.524
"300211 - Ossulston Street, Somers Town",51.5293
"300212 - Birkenhead Street, King's Cross",51.5301998755
"300202 - Kings Gate House, Westminster",51.4976984561
"300248 - Sopwith Way, Battersea Park",51.4811219398
"300208 - Lavington Street, Bankside",51.5052241745
"300209 - Albert Square, Stockwell",51.4765900593
"300238 - Southwark Street, Bankside",51.5054099403
"300243 - Good's Way, King's Cross",51.5346677396
"300241 - Handyside Street, King's Cross",51.5372405623
"300207 - Gauden Road, Clapham",51.464995
"300240 - Lincoln's Inn Fields, Holborn",51.5162778834
"300237 - Tate Modern, Bankside",51.5067252868
"300228 - Westferry Circus, Canary Wharf",51.5057030357
"300217 - Here East North, Queen Elizabeth Olympic Park",51.5487311915
"300224 - New Spring Gardens Walk, Vauxhall",51.4878074485
"300245 - Clapham Road, Lingham Street, Stockwell",51.4714330677
"300219 - Here East South, Queen Elizabeth Olympic Park",51.5465327935
"300232 - Riverlight South, Nine Elms",51.4813354746
"300239 - Victory Place, Walworth",51.492807
"300221 - Battersea Power Station, Battersea Park",51.4835074867
"300225 - Normandy Road, Stockwell",51.473874
"300230 - Wynne Road, Stockwell",51.469217
"300229 - Sidney Road, Stockwell",51.469202
"300215 - St John's Crescent, Brixton",51.466232
"200240 - Ferndale Road, Brixton",51.464019
"300206 - Saltoun Road, Brixton",51.460232
"300216 - Gas Holders, Battersea Park",51.477966
"300220 - Farringdon Street, Holborn",51.516785
"300235 - York Way, Kings Cross",51.541596
"300222 - Fore Street, Guildhall",51.518093
"002667 - Tower Wharf, Bermondsey",51.500845
"300252 - Canada Water Station, Rotherhithe",51.498439
"300029 - Lee Valley VeloPark, Queen Elizabeth Olympic Park",51.549369
"300060 - Brandon Street, Walworth",51.489102
"300063 - Burgess Park Albany Road, Walworth",51.48224
"200049 - St. Katharine's Way, Tower",51.505697
"001221 - St. George Street, Mayfair",51.51196
"001114 - Pont Street, Knightsbridge",51.4968865
"001230 - Millennium Hotel, Mayfair",51.5109192966489
"001013 - St. Chad's Street, King's Cross",51.53005939
"003420 - Sedding Street, Sloane Square",51.49313
"003424 - Broadcasting House, Marylebone",51.51811784
"003422 - Charlbert Street, St. John's Wood",51.53430039
"003423 - Maida Vale, Maida Vale",51.529857
"000970 - Scala Street, Fitzrovia",51.51991453
"000988 - Great Russell Street, Bloomsbury",51.51772703
"003426 - Lansdowne Drive, Hackney Central",51.539834
"003425 - Northington Street , Holborn",51.5222641
"003421 - Red Lion Square, Holborn",51.51943538
"001004 - Doric Way , Somers Town",51.5288338
"003427 - Fanshaw Street, Hoxton",51.52953709
"003428 - Pancras Road, King's Cross",51.5341235
"001083 - Commercial Street, Shoreditch",51.52127071
"000979 - Wenlock Road , Hoxton",51.53099181
"003437 - Curzon Street, Mayfair",51.50706909
"000986 - Finsbury Library , Finsbury",51.52671796
"000967 - Golden Lane, Barbican",51.52174785
"000974 - Guilford Street , Bloomsbury",51.52334672
"001017 - Great Dover Street, The Borough",51.49738251
"000990 - Cotton Garden Estate, Kennington",51.4907579
"000989 - Murray Grove , Hoxton",51.53089041
"000969 - Gower Place , Euston",51.52522753
"000985 - Hatton Garden, Holborn",51.51882555
"000983 - Euston Road, Euston",51.5262363
"001066 - Calshot Street , King's Cross",51.53136059
"003432 - Farringdon Lane, Clerkenwell",51.52352001
"001000 - Vauxhall Cross, Vauxhall",51.48591714
"000976 - Longford Street, The Regent's Park",51.52559505
"003433 - Sadlers Sports Centre, Finsbury",51.52486887
"003448 - Webber Street , Southwark",51.50069361
"003450 - Great Titchfield Street, Fitzrovia",51.52025302
"003452 - Panton Street, West End",51.50963938
"003449 - Breams Buildings, Holborn",51.51593725
"000994 - Tanner Street, Bermondsey",51.50064702
"003434 - Sancroft Street, Vauxhall",51.48947903
"001006 - Bayley Street , Bloomsbury",51.51858757
"003439 - Tavistock Place, Bloomsbury",51.5262503
"001076 - Walnut Tree Walk, Vauxhall",51.49368637
"001082 - Borough Road, Elephant & Castle",51.49889832
"001070 - Bricklayers Arms, Borough",51.49506109
"003447 - Gloucester Road (North), Kensington",51.49792478
"000972 - Hampstead Road, Euston",51.52554222
"001059 - Albert Embankment, Vauxhall",51.49043573
"003435 - Gloucester Road (Central), South Kensington",51.49646288
"001062 - Braham Street, Aldgate",51.51423368
"000998 - Lollard Street, Vauxhall",51.49288067
"000964 - Bath Street, St. Luke's",51.52589324
"001086 - Baker Street, Marylebone",51.51891348
"001068 - Norton Folgate, Liverpool Street",51.52111369
"000992 - St. John Street, Finsbury",51.52836014
"001005 - Eversholt Street , Camden Town",51.53300545
"001078 - Lambeth Road, Vauxhall",51.49488108
"001003 - Chapel Place, Marylebone",51.51530805
"000965 - Tachbrook Street, Victoria",51.49211134
"001073 - Kennington Road Post Office, Oval",51.48478899
"001002 - Holy Trinity Brompton, Knightsbridge",51.49705603
"000966 - New Kent Road, The Borough",51.49443626
"001094 - Wright's Lane, Kensington",51.50039792
"001178 - Cleveland Gardens, Bayswater",51.515607
"001057 - Hardwick Street, Clerkenwell",51.5278427
"000997 - Worship Street, Shoreditch",51.521668
"001173 - Gloucester Terrace, Bayswater",51.51791921
"001166 - Bell Street , Marylebone",51.52202903
"001165 - Riverlight North, Nine Elms",51.482362
"001174 - Alderney Street, Pimlico",51.48805753
"001172 - Queen's Gate (South), South Kensington",51.49247977
"001104 - Claremont Square, Angel",51.53166681
"001106 - Rampayne Street, Pimlico",51.48997562
"000961 - Union Street, The Borough",51.50368837
"001171 - New Road 1 , Whitechapel",51.518154
"001175 - Mallory Street, Marylebone",51.52505151
"003454 - Denyer Street, Knightsbridge",51.49358391
"003487 - Campden Hill Road, Notting Hill",51.50658458
"001081 - Liverpool Road (N1 Centre), Angel",51.53450449
"001099 - Frampton Street, Paddington",51.5233534
"001103 - Gloucester Street, Pimlico",51.49096258
"001091 - St. John's Wood Church, The Regent's Park",51.530529
"003440 - Royal Avenue 1, Chelsea",51.489932
"001194 - Westminster University, Marylebone",51.52248185
"001180 - Bourne Street, Belgravia",51.490959
"001095 - LSBU (Borough Road), Elephant & Castle",51.49874469
"001184 - St. Mary Axe, Aldgate",51.51422502
"001087 - Belgrave Road, Victoria",51.49320445
"001191 - Barbican Centre, Barbican",51.52004497
"001142 - Tooley Street, Bermondsey",51.5034938
"001187 - St. John's Wood Road, St. John's Wood",51.5272947
"001206 - Montpelier Street, Knightsbridge",51.49888404
"200069 - Knaresborough Place, Earl's Court",51.49363156
"001189 - Long Lane , Bermondsey",51.49907558
"001200 - Ontario Street, Elephant & Castle",51.49652013
"001158 - St. Martin's Street, West End",51.50908747
"001203 - Eastbourne Mews, Paddington",51.51641749
"001188 - London Zoo Car Park, The Regent's Park",51.53692216
"010627 - Grosvenor Square, Mayfair",51.51217033
"010623 - Greycoat Street , Westminster",51.49459148
"002694 - Clapham Common Station, Clapham Common",51.461388
"002685 - South Kensington Station, South Kensington",51.494412
"002691 - Howland Street, Fitzrovia",51.520994
"002686 - Royal College Street, Camden Town",51.536264
"003507 - Store Street, Bloomsbury",51.519572
"002690 - City Road, Angel",51.530344
"010632 - Kensington Town Hall, Kensington",51.50194596
"002669 - Charlotte Street, Fitzrovia",51.51953043
"002703 - Fire Brigade Pier, Vauxhall",51.49369988
"002699 - Snow Hill, Farringdon",51.51733427
"002698 - Aberdeen Place, St. John's Wood",51.524826
"002695 - Cadogan Gardens, Chelsea",51.492462
"002693 - Shouldham Street, Marylebone",51.51809
"010631 - Holland Park, Kensington",51.502319
"002687 - Brick Lane Market, Shoreditch",51.52261762
"002701 - Columbia Road, Shoreditch",51.528187
"010625 - Penfold Street, Marylebone",51.52289229
"010630 - George Place Mews, Marylebone",51.51689296
"001107 - Gloucester Road Station, South Kensington",51.49418566
"001058 - Edgware Road Station, Marylebone",51.519968
"010629 - Rotherhithe Roundabout, Rotherhithe",51.499169
"010628 - Cleaver Street, Kennington",51.488105
"022160 - Chelsea Bridge, Pimlico",51.485821
"022159 - Ebury Bridge, Pimlico",51.490491
"022161 - Vincent Street, Pimlico",51.493072
"022182 - South Parade, Chelsea",51.48902
"022183 - Crinan Street, King's Cross",51.534474
"022169 - Wren Street, Holborn",51.524564
"022170 - Kennington Station, Kennington",51.488852
"200003 - Cheshire Street, Bethnal Green",51.52388
"022165 - Fisherman's Walk West, Canary Wharf",51.50623
"200002 - Jubilee Street, Stepney",51.515975
"200118 - Parkway, Camden Town",51.538071
"200123 - Burdett Road, Mile End",51.516196
"200105 - Bonny Street, Camden Town",51.541603
"200093 - Thurtle Road, Haggerston",51.534776
"200082 - St. Mary & St. Michael Church, Stepney",51.51417
"200006 - Hewison Street, Old Ford",51.533283
"022167 - Millharbour, Millwall",51.496137
"200004 - Lightermans Road, Millwall",51.499041
"200115 - Flamborough Street, Limehouse",51.5128711
"022166 - Albert Gardens, Stepney",51.51328
"022172 - Bromley High Street, Bow",51.528828
"022173 - Old Ford Road, Bethnal Green",51.531127
"022174 - Granby Street, Shoreditch",51.525645
"022175 - Canton Street, Poplar",51.511811
"022176 - Reardon Street, Wapping",51.506946
"200090 - Pennington Street, Wapping",51.508622
"200073 - Cephas Street, Bethnal Green",51.522561
"200131 - Clarkson Street, Bethnal Green",51.528692
"200083 - Pritchard's Road, Bethnal Green",51.532091
"200080 - Russell Gardens, Olympia",51.500088
"200089 - Chrisp Street Market, Poplar",51.5112
"200088 - Clarges Street, Mayfair",51.507326
"200134 - Albany Street, The Regent's Park",51.528302
"200070 - Arlington Road, Camden Town",51.539957
"200127 - East India DLR, Blackwall",51.509474
"200076 - Westminster Bridge Road, Elephant & Castle",51.498386
"200132 - Gaywood  Street, Elephant & Castle",51.49605
"200102 - Harford Street, Mile End",51.521564
"200078 - Aberfeldy Street, Poplar",51.513548
"200135 - Selby Street, Whitechapel",51.521905
"200110 - Bishop's Bridge Road West, Bayswater",51.51616
"200099 - Upper Bank Street, Canary Wharf",51.503083
"200001 - Limerston Street, West Chelsea",51.485587
"200109 - Alpha Grove, Millwall",51.497304
"200084 - Doddington Grove, Kennington",51.48692917
"200086 - Ilchester Gardens, Bayswater",51.51244
"200092 - Mudchute DLR, Cubitt Town",51.490645
"200101 - Monument Street, Monument",51.50964
"200108 - Bishop's Bridge Road East, Bayswater",51.5171
"200133 - South Lambeth Road, Vauxhall",51.481747
"200125 - Putney Bridge Station, Fulham",51.468814
"200025 - London Fields, Hackney Central",51.54119
"200029 - Finlay Street, Fulham",51.4768851
"200007 - Holden Street, Battersea",51.4687905
"200062 - William Morris Way, Sands End",51.46881971
"200040 - Broomhouse Lane, Parsons Green",51.46841875
"200119 - Dorothy Road, Clapham Junction",51.46506424
"200129 - Charlotte Terrace, Angel",51.53639219
"200057 - Belford House, Haggerston",51.5366541
"200094 - St. Bride Street, Holborn",51.51505991
"300094 - Plough Terrace, Clapham Junction",51.46230566
"200185 - St. John's Road, Clapham Junction",51.46239255
"300065 - Clapham Common North Side, Clapham Common",51.46134382
"200072 - Houndsditch, Aldgate",51.514449
"002679 - George Row, Bermondsey",51.498585
"300253 - Bermondsey Station, Bermondsey",51.497995
"001162 - Dorset Square, Marylebone",51.5225965
"000963 - Bankside Mix, Bankside",51.50581776
"001201 - Bank of England Museum, Bank",51.51444134
"001085 - Old Quebec Street, Marylebone",51.51457763
"200195 - St Martins Close, Camden Town",51.538792
"200034 - Wapping Lane, Wapping",51.504749
"200232 - Preston's Road, Cubitt Town",51.499286
"001208 - Dickens Square, Borough",51.49679128
"001096 - Bayswater Road, Hyde Park",51.511933
"001217 - Serpentine Car Park, Hyde Park",51.505014
"001110 - Palace Gate, Kensington Gardens",51.50204238
"001075 - Hyde Park Corner, Hyde Park",51.50311799
"000981 - British Museum, Bloomsbury",51.51908011
"001220 - Imperial College, Knightsbridge",51.49942855
"001231 - Queen's Gate, Kensington Gardens",51.5017154373867
"001001 - West Cromwell Road, Earl's Court",51.49372451
"200166 - Southerton Road, Hammersmith",51.494499
"001101 - Knightsbridge, Hyde Park",51.50275704
"300020 - West Kensington Station, West Kensington",51.49087074
"300048 - Stainsby Road , Poplar",51.51542791
"001137 - Harper Road, The Borough",51.49859784
"000996 - Borough High Street, The Borough",51.50069491
"001195 - St. George's Square, Pimlico",51.488226
"001098 - Lower Thames Street, Monument",51.50930161
"001031 - Nesham Street, Wapping",51.507131
"001071 - Tower Gardens , Tower",51.50950627
"001213 - Curlew Street, Shad Thames",51.50227992
"002688 - Clifford Street, Mayfair",51.51066202
"200216 - Clements Road, Bermondsey",51.4954
"300062 - South Bermondsey Station, Bermondsey",51.488067
"300004 - Harris Academy, Bermondsey",51.492668
"300059 - The Blue, Bermondsey",51.492221
"003506 - Stanhope Gate, Mayfair",51.50686435
"001205 - Black Prince Road, Vauxhall",51.4908679
"003430 - Central House, Aldgate",51.515231
"001041 - Westbourne Grove, Bayswater",51.51552971
"300095 - Michael Road, Walham Green",51.47727637
"001035 - Boston Place, Marylebone",51.522511
"001060 - Torrens Street, Angel",51.53219984
"003497 - Rathbone Street, Fitzrovia",51.51816295
"200030 - Driffield Road, Old Ford",51.534137
"001183 - Bramham Gardens, Earl's Court",51.49016361
"003499 - Prince Consort Road, Knightsbridge",51.49980661
"001015 - New Globe Walk, Bankside",51.5073853
"300042 - Upper Richmond Road, Putney",51.45971528
"001089 - Queen's Gate (Central), South Kensington",51.49396755
"200066 - Import Dock, Canary Wharf",51.505772
"001027 - Warwick Avenue Station, Maida Vale",51.52334476
"200081 - Coomer Place, West Kensington",51.4835707
"000984 - Finsbury Circus, Liverpool Street",51.51707521
"001177 - Seville Street, Knightsbridge",51.50185512
"300061 - Crimscott Street, Bermondsey",51.495598
"001179 - Chelsea Green, Chelsea",51.49066456
"001147 - Clifton Road, Maida Vale",51.52557531
"200071 - Hoxton Street, Hoxton",51.52959
"300021 - Podium, Queen Elizabeth Olympic Park",51.538718
"300203 - Euston Square Gardens, Euston",51.527068
"200189 - Phene Street, Chelsea",51.48498496
"200151 - Hoxton Station, Hoxton",51.531091
"200111 - Abbotsbury Road, Holland Park",51.501391
"300014 - Falcon Road, Clapham Junction",51.46663393
"200008 - Portman Square, Marylebone",51.516204
"001225 - George Street, Marylebone",51.517703
"000973 - Bethnal Green Road, Shoreditch",51.52364804
"002677 - Natural History Museum, South Kensington",51.49559291
"001199 - The Tennis Courts, The Regent's Park",51.52536703
"001139 - Carey Street, Holborn",51.51501025
"200223 - Ashmole Estate, Oval",51.48267821
"001169 - Grosvenor Crescent, Belgravia",51.50135267
"001207 - Tavistock Street, Covent Garden",51.51196803
"022158 - Exhibition Road Museums 1, South Kensington",51.496468
"200052 - Exhibition Road Museums 2, South Kensington",51.495947
"000999 - Queen Street 1, Bank",51.51155322
"003469 - Cadogan Place, Knightsbridge",51.49464523
"003493 - South Audley Street, Mayfair",51.50923
"001034 - Bruton Street, Mayfair",51.51073687
"001020 - Leonard Circus , Shoreditch",51.52469624
"200163 - Jubilee Plaza, Canary Wharf",51.5034
"200128 - Queen Street 2, Bank",51.511246
"001028 - William IV Street, Strand",51.50946212
"001122 - Ashley Place, Victoria",51.49616092
"003457 - Rochester Row, Westminster",51.49582705
"001037 - Park Lane , Hyde Park",51.5100172
"003488 - Charles II Street, West End",51.50844614
"001067 - St. James's Square, St. James's",51.50742485
"003429 - Abbey Orchard Street, Westminster",51.4981256
"001109 - Wellington Arch, Hyde Park",51.50274025
"001132 - Albert Gate, Hyde Park",51.50295379
"200178 - Buckingham Gate, Westminster",51.49886563
"001032 - New Inn Yard, Shoreditch",51.52452699
"001202 - Wellington Street , Strand",51.51175646
"002666 - Howick Place, Westminster",51.49675303
"200227 - Westfield Library Corner, Shepherd's Bush",51.506093
"300054 - Chesilton Road, Fulham",51.47569809
"022177 - Christian Street, Whitechapel",51.513074
"001143 - Kensington Church Street, Kensington",51.50315739
"003436 - Derry Street, Kensington",51.50136494
"022178 - Lindfield Street, Poplar",51.513757
"003456 - Portugal Street, Holborn",51.51494305
"001052 - Soho Square , Soho",51.51563144
"010621 - Upper Grosvenor Street, Mayfair",51.51013066
"003504 - Moor Street, Soho",51.51352755
"002660 - Frith Street, Soho",51.51310333
"003489 - Broadwick Street, Soho",51.5136846
"001163 - Wardour Street, Soho",51.51251523
"300093 - Park Lane, Mayfair",51.50542628
"300247 - Cranmer Road, Stockwell",51.479601
"200096 - Green Park Station, Mayfair",51.506613
"001153 - Pall Mall East, West End",51.50777049
"300214 - Blackfriars Road, Southwark",51.505461
"003458 - Waterloo Place, St. James's",51.50663341
"200031 - East Ferry Road, Cubitt Town",51.49447
"001011 - Argyle Street, Kings Cross",51.529416
"300242 - Allington Street, Victoria",51.496863
"300071 - Elgin Avenue, Maida Hill",51.524309
"003505 - Marloes Road, Kensington",51.496481
"001148 - Queen Mother Sports Centre, Victoria",51.49357351
"001170 - Horseferry Road, Westminster",51.49481649
"300006 - Clapham South, Clapham South",51.452997
"200098 - Aintree Street, Fulham",51.48102131
"001016 - Hereford Road, Bayswater",51.513735
"002589 - Pembridge Villas, Notting Hill",51.51108452
"200015 - Ladbroke Grove Central, Ladbroke Grove",51.511624
"002682 - Turquoise Island, Notting Hill",51.51431171
"300026 - All Saints' Road, Portobello",51.5190427
"300023 - All Saints Church, Portobello",51.51632095
"300090 - Blenheim Crescent, Ladbroke Grove",51.51510818
"300244 - The Metropolitan, Portobello",51.520509
"300236 - Bevington Road West, North Kensington",51.5212
"001120 - Chepstow Villas, Notting Hill",51.51213691
"200065 - Lansdowne Walk, Ladbroke Grove",51.509591
"300091 - Hortensia Road, West Brompton",51.48176572
"200045 - Garnet Street, Shadwell",51.508447
"300034 - St. Mark's Road, North Kensington",51.51687069
"002662 - Butler Place, Westminster",51.49782999
"022171 - Red Lion Street, Holborn",51.51824
"002587 - Wormwood Street, Liverpool Street",51.51615461
"001182 - Notting Hill Gate Station, Notting Hill",51.50935342
"001196 - Vincent Square, Westminster",51.49398524
"001228 - Southampton Street, Strand",51.51070161
"200122 - Hawley Crescent, Camden Town",51.54100708
"003462 - Royal Avenue 2, Chelsea",51.490083
"200138 - Heron Quays DLR, Canary Wharf",51.502661
"003470 - Great Percy Street, Clerkenwell",51.52891573
"001144 - Poured Lines, Bankside",51.50669284
"300015 - Binfield Road, Stockwell",51.47250956
"022164 - Eaton Square (South), Belgravia",51.49456127
"001105 - LMU Commercial Road, Whitechapel",51.51492456
"200097 - Beryl Road, Hammersmith",51.48814438
"200200 - Great Suffolk Street, The Borough",51.50173215
"003441 - Vicarage Gate, Kensington",51.50472376
"001088 - Triangle Car Park, Hyde Park",51.50645179
"003480 - Smith Square, Westminster",51.49580589
"000971 - Godliman Street, St. Paul's",51.51248445
"001074 - Newgate Street , St. Paul's",51.5154186
"200203 - King Edward Street, St Pauls",51.51601
"003484 - Houghton Street, Strand",51.51362054
"001048 - Queen Victoria Street, St. Paul's",51.51196176
"001063 - Wood Street, Guildhall",51.51700801
"001043 - Museum of London, Barbican",51.51782144
"022180 - Cheapside, Bank",51.51397065
"200044 - New Fetter Lane, Holborn",51.517428
"001008 - Hatton Wall, Holborn",51.5216612
"001193 - Kensington Gore, Knightsbridge",51.50143293
"200074 - Bury Place, Holborn",51.51742
"001197 - Sackville Street, Mayfair",51.51004801
"001204 - Queen's Gate (North), Kensington",51.50102668
"003442 - Abingdon Villas, Kensington",51.4973875
"001077 - Royal London Hospital, Whitechapel",51.518675
"200077 - Vicarage Crescent, Battersea",51.47287627
"001064 - Old Street Station, St. Luke's",51.525615
"003501 - Clifton Street, Shoreditch",51.523196
"001126 - North Audley Street, Mayfair",51.5129118
"001176 - Waterloo Road, South Bank",51.50486
"002635 - Concert Hall Approach 1, South Bank",51.505044
"001021 - Bouverie Street, Temple",51.51382102
"003455 - Arundel Street, Temple",51.511726
"000959 - Milroy Walk, South Bank",51.50724437
"001133 - Baylis Road, Waterloo",51.50144456
"001186 - Belvedere Road 1, South Bank",51.50613324
"001141 - Kingsway, Covent Garden",51.51440928
"001117 - Lambeth North Station, Waterloo",51.49914063
"001212 - Concert Hall Approach 2, South Bank",51.504942
"001219 - Lower Marsh, Waterloo",51.50013942
"022163 - Southwark Station 2, Southwark",51.504044
"200231 - Abingdon Green, Westminster",51.49764
"200226 - Kingsway Southbound, Strand",51.513875
"200212 - Blackfriars Station, St. Paul's",51.511934
"200202 - Storey's Gate, Westminster",51.50070305
"300096 - Tallis Street, Temple",51.511891
"300231 - Lambeth Palace Road, Waterloo",51.5000891978
"300246 - Belvedere Road 2, South Bank",51.50621
"200144 - Sea Containers, South Bank",51.508033
"001100 - Strand, Strand",51.512582
"300249 - Westminster Pier, Westminster",51.501513
"001160 - Craven Street, Strand",51.50810309
"001072 - Waterloo Station 3, Waterloo",51.50379168
"002692 - Waterloo Station 2, Waterloo",51.50391973
"002696 - Waterloo Station 1, Waterloo",51.50402794
"200206 - Chicheley Street, South Bank",51.502698
"000962 - Stamford Street, South Bank",51.50556905
"001151 - Whitehall Place, Strand",51.50654321
"300250 - Temple Gardens, Temple",51.510981
"002648 - Waterloo Bridge, South Bank",51.50535447
"001097 - Northumberland Avenue, Strand",51.506767
"200068 - Somerset House, Strand",51.509943
"001192 - Embankment (Savoy), Strand",51.50963123
"001012 - Christopher Street, Liverpool Street",51.52128377
"001145 - Earnshaw Street , Covent Garden",51.51611887
"001129 - Sun Street, Liverpool Street",51.520009
"200019 - Malmesbury Road, Bow",51.529452
"001044 - The Guildhall, Guildhall",51.51573534
"003444 - Penywern Road, Earl's Court",51.49159394
"003465 - Eccleston Place, Victoria",51.49395092
"200209 - Shepherd's Bush Road North, Shepherd's Bush",51.5015946
"001164 - Portland Place, Marylebone",51.52071513
"200106 - Spanish Road, Clapham Junction",51.45922541
"300057 - Westbourne Park Road, Portobello",51.51787005
"300002 - Brook Green South, Brook Green",51.49434708
"200205 - Montserrat Road , Putney",51.46321128
"001128 - Westbourne Green, Westbourne",51.522168
